ID,Email,Address,Avatar,Gender,Avg. Session Length,Time on App,Time on Website,Length of Membership,Yearly Amount Spent
1,mstephenson@fernandez.com,"835 Frank Tunnel
Wrightmouth, MI 82180-9605",Violet,Female,34.497,12.656,39.578,4.083,587.951
2,hduke@hotmail.com,"4547 Archer Common
Diazchester, CA 06566-8576",DarkGreen,Male,31.926,11.109,37.269,2.664,392.205
3,pallen@yahoo.com,"24645 Valerie Unions Suite 582
Cobbborough, DC 99414-7564",Bisque,Female,33.001,11.33,37.111,4.105,487.548
4,riverarebecca@gmail.com,"1414 David Throughway
Port Jason, OH 22070-1220",SaddleBrown,Male,34.306,13.718,36.721,3.12,581.852
5,mstephens@davidson-herman.com,"14023 Rodriguez Passage
Port Jacobville, PR 37242-1057",MediumAquaMarine,Male,33.331,12.795,37.537,4.446,599.406
6,alvareznancy@lucas.biz,"645 Martha Park Apt. 611
Jeffreychester, MN 67218-7250",FloralWhite,Female,33.871,12.027,34.477,5.494,637.102
7,katherine20@yahoo.com,"68388 Reyes Lights Suite 692
Josephbury, WV 92213-0247",DarkSlateBlue,Female,32.022,11.366,36.684,4.685,521.572
8,awatkins@yahoo.com,"Unit 6538 Box 8980
DPO AP 09026-4941",Aqua,Female,32.739,12.352,37.373,4.434,549.904
9,vchurch@walter-martinez.com,"860 Lee Key
West Debra, SD 97450-0495",Salmon,Male,33.988,13.386,37.534,3.273,570.2
10,bonnie69@lin.biz,"PSC 2734, Box 5255
APO AA 98456-7482",Brown,Male,31.937,11.814,37.145,3.203,427.199
11,andrew06@peterson.com,"26104 Alexander Groves
Alexandriaport, WY 28244-9149",Tomato,Male,33.993,13.339,37.226,2.483,492.606
12,ryanwerner@freeman.biz,"Unit 2413 Box 0347
DPO AA 07580-2652",Tomato,Male,33.879,11.585,37.088,3.713,522.337
13,knelson@gmail.com,"6705 Miller Orchard Suite 186
Lake Shanestad, MO 75696-5051",RoyalBlue,Male,29.532,10.961,37.42,4.046,408.64
14,wrightpeter@yahoo.com,"05302 Dunlap Ferry
New Stephaniehaven, MP 42268",Bisque,Male,33.19,12.959,36.145,3.919,573.416
15,taylormason@gmail.com,"7773 Powell Springs Suite 190
Samanthaland, ND 44358",DarkBlue,Male,32.388,13.149,36.62,2.495,470.453
16,jstark@anderson.com,"49558 Ramirez Road Suite 399
Phillipstad, OH 35641-3238",Peru,Male,30.738,12.637,36.214,3.358,461.781
17,wjennings@gmail.com,"6362 Wilson Mountain
Johnsonfurt, GA 15169",PowderBlue,Male,32.125,11.734,34.894,3.136,457.848
18,rebecca45@hale-bauer.biz,"8982 Burton Row
Wilsonton, PW 88606",OliveDrab,Male,32.339,12.013,38.385,2.421,407.705
19,alejandro75@hotmail.com,"64475 Andre Club Apt. 795
Port Dannytown, PW 63227",Cyan,Male,32.188,14.715,38.244,1.517,452.316
20,samuel46@love-west.net,"544 Alexander Heights Suite 768
North Johnview, MT 57912",LightSeaGreen,Male,32.618,13.99,37.191,4.065,605.061
21,megan33@gmail.com,"84426 Julia Vista
North Teresa, KY 50756",PeachPuff,Female,32.913,11.365,37.608,4.6,534.706
22,agolden@yahoo.com,"PSC 2490, Box 2120
APO AE 15445-2876",Black,Femalee,33.503,12.878,37.441,1.559,419.939
23,vstafford@hotmail.com,"PSC 5723, Box 8159
APO AA 74738",Olive,Male,31.532,13.379,38.734,2.245,436.516
24,denise22@hernandez-townsend.com,"USNS Cardenas
FPO AA 85439-9449",Silver,Male,32.903,11.658,36.773,3.919,519.341
25,youngbarbara@yahoo.com,"019 Elliott Tunnel Suite 190
Nicholsbury, WV 60804-4440",Wheat,Male,34.508,12.894,37.636,5.705,700.917
26,william25@mcconnell.com,"9495 Mary Fall Apt. 777
Glassport, ND 17957-5596",Teal,Female,33.029,11.766,37.739,2.722,423.18
27,ijones@schaefer-carr.net,"657 Judith Crossroad
Hancockchester, VI 75658-5788",Linen,Male,33.541,12.784,36.431,4.648,619.896
28,heatherhall@yahoo.com,"8522 Regina Port Suite 782
Port Kaitlin, TX 50501-7264",MediumSlateBlue,Male,32.336,13.008,37.852,2.996,486.839
29,tinasmith@martinez.info,"40000 Ann Port Suite 474
Youngberg, MS 03651",LemonChiffon,Female,33.11,11.982,35.293,3.923,529.538
30,chasejennifer@hotmail.com,"9507 Robert Prairie Apt. 601
East Crystalview, SC 56814",DarkOrchid,Female,33.105,11.965,37.278,4.743,554.722
31,jenniferbarnett@gmail.com,"0772 Michael Isle Suite 617
Meyerstown, WA 45449-6768",SeaGreen,Female,33.242,12.305,36.164,3.062,497.587
32,jared39@hotmail.com,"739 David Isle Suite 818
Chandlertown, DC 34587",SteelBlue,Female,33.461,10.869,35.622,3.471,447.688
33,briancarlson@page-fleming.com,"USCGC Gill
FPO AA 26496",DarkMagenta,Female,32.176,13.387,35.694,4.343,588.713
34,joshuaodom@gmail.com,"5277 Patel Brook
East Audrey, NJ 19075",DarkGoldenRod,Male,32.728,13.105,38.878,2.82,491.073
35,vickie90@lee-wilson.com,"9135 Rodriguez Dam
Ramirezberg, MS 77223",DarkSeaGreen,Female,32.82,11.635,35.369,4.125,507.442
36,duane56@hotmail.com,"24373 Mcgee Drive Apt. 990
New Mariahaven, NH 14470",Gainsboro,Male,33.616,11.936,38.769,3.649,521.884
37,enash@gmail.com,"997 Campbell Flat Suite 970
East Amanda, PW 22048",HotPink,Female,31.722,11.755,36.766,1.847,347.777
38,sandraharrison@bailey-gordon.net,"7835 Rogers Roads
East Amberhaven, MI 70835-2286",LightSeaGreen,Female,32.865,11.984,37.044,3.452,490.739
39,cunninghamwilliam@hotmail.com,"4589 Dan Fords
Beasleyburgh, ME 96590-8272",HoneyDew,Female,32.749,9.955,37.388,4.65,478.17
40,teresaallen@hill-leach.info,"1958 Robert Bridge Apt. 250
Malloryland, ID 03393-5336",WhiteSmoke,Male,32.567,12.489,36.371,4.222,537.846
41,rhonda96@little.org,"2977 Perez Row
Lake Jack, TN 45336-9436",GhostWhite,Female,32.071,11.733,37.534,4.671,532.752
42,lisacabrera@yahoo.com,"9801 Thomas Pike Suite 058
Brandishire, AK 88122-1314",DarkSlateBlue,Female,33.02,10.635,37.497,4.646,501.874
43,jasonrichardson@elliott.com,"18372 Matthew Fork Suite 705
North Matthewmouth, KY 99737",Chocolate,Male,33.792,12.508,37.143,4.214,591.197
44,hoovernicole@dorsey.net,"69403 Hernandez Knolls
Marciashire, DE 36417-5667",HoneyDew,Female,32.894,11.53,36.888,4.643,547.244
45,christopher20@gmail.com,"USNV Fuller
FPO AE 32122-5711",Snow,Male,32.044,13.415,36.112,2.259,448.23
46,brianwilson@yahoo.com,"448 Stewart Divide
New Ashleyfort, FM 84050",BurlyWood,Female,34.556,12.171,39.131,3.663,549.861
47,gonzaleskatie@gmail.com,"70129 Darrell Spring
Thomasmouth, HI 39319-2739",Moccasin,Male,34.565,13.147,37.335,3.877,593.915
48,lsmith@chung.com,"412 Jackson River
Kleinburgh, KS 52039-7404",BlueViolet,Male,32.727,12.989,36.462,4.113,563.673
49,dongarcia@hotmail.com,"546 Benjamin Lights Suite 421
Romerofurt, NC 43746-4501",MediumBlue,Male,33.117,11.864,36.583,3.203,479.732
50,kimberly46@garcia-nelson.biz,"4066 Gonzalez Dam Apt. 277
West Jessica, TN 36880",GreenYellow,Female,31.661,11.398,36.594,3.198,416.358
51,william82@gmail.com,"11143 Park Squares
Samanthatown, UT 97073",SandyBrown,Male,33.256,13.858,37.78,5.977,725.585
52,brenda82@maldonado-gonzalez.net,"645 Elizabeth Pass
Williamview, MS 51544",MediumVioletRed,Male,33.9,10.957,37.267,2.953,442.667
53,josephgould@west.info,"861 Annette Stream Suite 771
North Miguel, CA 33824-1610",DarkBlue,Female,34.188,10.32,37.453,2.095,384.627
54,wbrady@yahoo.com,"044 Riggs Expressway
Lake Stevenchester, AL 22283",SandyBrown,Female,33.762,9.985,35.933,3.855,451.457
55,smithtracey@mcgee.com,"PSC 4508, Box 7961
APO AA 55271-2375",DarkOliveGreen,Male,34.39,12.645,38.468,2.875,522.404
56,amberchase@fowler.info,"1867 Gregory Isle Suite 022
Port Tammy, LA 52305-9696",GreenYellow,Male,33.925,11.589,35.252,3.392,483.673
57,gregoryholmes@hotmail.com,"2891 Martin Plain Suite 197
Melaniestad, NE 65650-8529",DarkSalmon,Female,32.688,13.762,39.253,2.996,520.899
58,jeffreydawson@gmail.com,"9944 Trevor Expressway
Robinsonstad, OR 34630-1840",DarkSeaGreen,Male,34.302,10.568,36.173,3.315,453.17
59,rjohns@gmail.com,"264 Derek Dam Apt. 680
West Danielle, SD 91517-8611",DeepPink,Female,32.844,11.832,36.814,3.472,496.651
60,john85@martin-morgan.com,"USNV Reese
FPO AA 73568-0730",Olive,Male,33.755,12.064,37.271,3.971,547.365
61,vcoleman@yahoo.com,"7761 Hughes Curve Apt. 880
Rodriguezberg, MN 96206-5317",SkyBlue,Female,33.88,12.496,38.053,4.639,616.852
62,floresarthur@yahoo.com,"12612 Johnson Skyway Suite 764
Jessicaville, CT 14968-6590",Magenta,Male,33.077,9.607,36.494,50.081,
63,ryan36@gmail.com,"5379 Rhonda Prairie Apt. 696
Brownland, WA 87027",DarkTurquoise,Female,32.227,13.729,37.997,4.803,613.599
64,chris67@ryan.biz,"716 Bush Greens Apt. 098
Trevorton, MA 17817-8000",Silver,Male,32.79,11.67,37.409,3.415,483.16
65,katie25@gmail.com,"6861 Lopez Fork Apt. 114
South Jamiechester, DE 63993",SpringGreen,Male,32.773,13.276,36.601,3.462,540.263
66,kyang@diaz.org,"223 Love Trail Suite 831
Port Jeffrey, IN 46849",OliveDrab,Female,34.374,15.127,37.158,5.378,765.518
67,tadams@contreras.info,"049 Matthew Terrace
Lake Matthew, MS 20210",Aqua,Male,33.079,12.696,35.358,4.002,553.602
68,craigcastro@burgess.com,"65407 Warner Forges Suite 071
New Lori, AZ 30132-2395",OrangeRed,Female,32.805,11.835,36.375,3.44,469.311
69,ellen24@anthony.com,"PSC 3408, Box 3353
APO AE 05113-1257",LimeGreen,Male,32.431,11.306,37.68,2.78,408.62
70,davisrobert@hicks-smith.com,"95967 Pitts Burgs
West Sarah, MH 27817-5147",SkyBlue,Female,,11.188,40.005,3.553,451.576
71,walkerlaura@peterson-yates.com,"89154 Jones Stream Suite 311
East Katie, NC 72742-1516",LightGreen,Female,33.154,11.887,36.265,2.602,444.967
72,marc54@hotmail.com,"Unit 6174 Box 1949
DPO AP 27478",SandyBrown,Female,34.336,12.229,36.157,4.694,595.823
73,gregoryrussell@yahoo.com,"55436 Devon Plain
West Kendraberg, HI 18826-3623",Teal,Female,32.386,10.675,38.007,3.402,418.15
74,williamsjohnny@ferguson.info,"51920 Kent Junctions Apt. 352
Walkerport, NY 11257-6647",LightYellow,Male,32.809,12.817,37.032,3.852,534.777
75,haydenrebecca@gmail.com,"10022 Wilson Orchard Suite 107
Harrisstad, MH 99272",MintCream,Male,33.88,13.588,38.26,3.258,578.242
76,langmatthew@hotmail.com,"606 Perez Drives
Maryside, CO 94387-5877",DimGray,Male,32.05,12.238,38.731,3.121,478.719
77,david43@richards.com,"967 Andrew Spurs
Mathistown, CO 28230",Indigo,Female,33.555,11.552,36.629,2.838,444.286
78,paulkemp@yahoo.com,"PSC 9698, Box 5466
APO AE 75496-3580",LightSalmon,Male,33.142,11.433,35.892,4.47,544.78
79,fbryant@gmail.com,"284 Jennifer Curve
Lake Hollyberg, IN 05228",GreenYellow,Male,32.597,10.89,38.213,4.442,488.786
80,kimberlyfrederick@gmail.com,"71299 Jessica Shoals
East Mark, IA 48085-1070",DeepSkyBlue,Male,33.167,11.929,36.915,3.165,475.759
81,sharon82@saunders.info,"873 Clay Flats Apt. 810
Lake Kyle, GU 48782",DarkGreen,Male,31.515,12.596,39.6,3.752,489.812
82,fishermichael@ramos.com,"565 Duarte Keys Suite 293
Traceytown, IN 17797",LimeGreen,Male,34.594,10.947,35.884,3.16,462.898
83,ilawson@hotmail.com,"19018 Christopher Neck Apt. 963
Mcintoshchester, IA 66908-2456",DarkGoldenRod,Female,33.501,13.898,37.059,4.131,596.43
84,shafferdaniel@murphy-harris.info,"USCGC Thomas
FPO AP 43708-2468",Turquoise,Male,32.402,10.876,37.781,1.914,338.32
85,stevenanderson@yahoo.com,"5401 Holt Corner Apt. 195
Hannahstad, NC 86693-3595",LightGreen,Male,34.655,10.338,36.157,4.397,533.515
86,richard16@boyer-pratt.com,"4568 Jeffrey Lane Apt. 512
South Jason, WV 78116-0966",LightSteelBlue,Female,31.809,11.635,36.183,5.113,536.772
87,hyoung@jones.info,"73469 Baker Forest Apt. 550
Allenbury, TX 63791",Cornsilk,Female,33.878,12.518,37.152,2.67,487.379
88,erik46@hotmail.com,"20711 Martin Harbors Apt. 582
New Justinborough, AK 40834-2664",LemonChiffon,Male,34.448,10.608,36.819,3.366,473.729
89,rojasmichael@wagner-thomas.com,"7602 Scott Plaza Apt. 158
Lake Amberland, VI 10516-3276",DarkKhaki,Male,31.956,12.829,36.952,4.571,547.126
90,lance88@briggs.com,"16001 Wilkins Island Suite 852
Jonathanfort, AL 88541-7817",FireBrick,Male,32.606,12.069,36.105,30.917,505.113
91,anthony09@hotmail.com,"5118 Madden Views Apt. 738
North Barryport, AS 28731-2270",LightSeaGreen,Male,32.491,12.53,37.875,2.476,449.07
92,audreyjohnson@rosales.com,"USCGC Nicholson
FPO AE 43987-0470",SlateGray,Female,33.616,13.516,36.773,4.126,611
93,beth76@yahoo.com,"4522 Paul Heights Suite 851
Adamsland, RI 08981",Crimson,Female,33.472,11.662,36.05,3.997,515.829
94,larrywest@davis.com,"21918 Gail Glens
Barbershire, SD 45790-8387",MidnightBlue,Female,33.711,13.665,37.724,1.363,439.075
95,raylopez@hotmail.com,"3600 Amber Plains Suite 002
North Jamesburgh, VA 07917",DarkGoldenRod,Male,32.198,11.83,36.634,,514.089
96,middletonrenee@gmail.com,"71757 David Freeway Apt. 851
West Carriefurt, NC 27106-3364",DarkCyan,Female,32.461,13.291,38.634,3.871,543.34
97,grichardson@ryan.info,"79139 Boone Common
Stewartstad, DE 63633-1812",SteelBlue,Male,33.79,11.942,38.063,,521.143
98,esmith@gmail.com,"USS Johnson
FPO AE 35617-5384",OldLace,Male,34.184,13.35,37.827,4.252,614.715
99,michael53@munoz.com,"USNS Mitchell
FPO AP 92946",MediumBlue,Female,32.289,12.02,39.074,3.912,507.39
100,jacqueline46@mcdonald-smith.biz,"3794 Michael Forest Apt. 750
New Stephenberg, MD 61004-0181",Gray,Female,33.826,12.084,35.89,3.022,495.299
101,briannasantana@gmail.com,"88978 Noble Crest
North Rosemouth, FM 53484-6689",LightPink,Female,,13.411,35.99,3.185,518.065
102,mark52@yahoo.com,"82227 Farmer Throughway Suite 266
Leeborough, WV 35324",BlanchedAlmond,Male,31.885,11.282,37.385,2.877,390.103
103,acampbell@sanchez-velasquez.info,"5791 Jessica Cove
Mckinneyborough, OK 64460-7536",Wheat,Male,32.426,11.449,37.58,2.587,420.738
104,qgarcia@williams.com,"465 Kenneth Common Apt. 192
North Tracy, WI 36024-8978",Aqua,Female,33.438,12.595,36.262,2.97,492.105
105,jenniferking@hess.net,"06939 Jones Neck
Mariaview, VT 87641",BlueViolet,Male,31.39,10.994,38.074,3.429,410.07
106,taylor91@hotmail.com,"3132 Willie Harbor
Kaylafurt, FL 01107",CadetBlue,Male,33.469,13.086,35.846,2.927,497.514
107,afry@ford.biz,"399 Jeremy Skyway Suite 377
North Keithville, IL 55074",PaleTurquoise,Female,32.292,12.19,36.152,3.782,494.552
108,amandadean@gmail.com,"66880 Mckinney Hills
Matthewchester, MH 88386",DimGray,Female,32.064,10.719,37.713,3.005,378.331
109,brenda68@hotmail.com,"0377 Reed Via Apt. 169
Alexandershire, MO 43498",Moccasin,Female,33.156,12.932,38.166,3.854,570.452
110,bakerdrew@gmail.com,"39637 Griffin Plain Suite 691
New Deborahview, MP 73870-3773",Chartreuse,Male,33.357,13.452,38.503,3.319,549.008
111,connorlambert@yahoo.com,"931 Andrews Heights
South Shelley, NV 21850",Khaki,Male,31.853,12.149,37.325,3.362,459.285
112,tknapp@yahoo.com,"15810 Karl Plain
Davidville, TX 64072",MediumSpringGreen,Female,32.012,12.178,37.716,,492.945
113,garcialisa@yahoo.com,"46079 Gonzalez Loaf
Williamside, PA 72265",LemonChiffon,Male,32.388,11.01,38.415,3.544,424.763
114,josephallen@hotmail.com,"3144 Jamie Rest
Maxwellville, NC 93749-1190",PeachPuff,Female,32.653,11.603,37.31,2.789,422.427
115,hailey18@yahoo.com,"08079 Thompson Village
North Lukeborough, AL 16825",Lime,Female,32.931,12.732,35.601,5.486,
116,whess@hotmail.com,"29282 Alexander Street
South Andrewmouth, MS 22041",Tomato,Male,33.236,11.223,37.692,2.594,413.372
117,josesims@hunter.com,"8830 Debra Loaf Apt. 341
Drakeville, ME 22340",SlateBlue,Male,33.926,12.011,36.701,,479.231
118,dtaylor@webb.com,"18219 Jackson Well
Fosterton, MP 85302",Orange,Male,33.059,11.726,35.999,5.005,593.077
119,briangonzales@gmail.com,"572 Michelle Motorway Apt. 889
New Craig, ND 17250",Fuchsia,Female,32.402,12.089,38.31,3.873,
120,jared99@yahoo.com,"PSC 0811, Box 7054
APO AA 91691",GoldenRod,Female,33.89,13.069,37.541,3.799,571.307
121,qchristian@martinez-allen.com,"26737 Brooks Roads
Vincentstad, VA 93089",GreenYellow,Male,34.569,12.855,35.007,3.293,576.311
122,ngarcia@donaldson.info,"662 Wells Stravenue Apt. 578
South Kristaview, DC 49423-2452",ForestGreen,Male,33.702,11.564,37.673,4.716,576.803
123,scastillo@hotmail.com,"0922 Gutierrez Loaf
Wattsbury, OH 96315",Moccasin,Male,33.268,11.113,37.388,4.019,514.24
124,joshua56@garcia.com,"38154 Davis Locks
Lake Stevenfort, KY 86814-9222",Indigo,Male,31.358,12.81,36.55,3.638,495.176
125,richard81@day.org,"7955 Samantha Walk Suite 230
North Luis, IL 44629",SlateBlue,Male,33.015,11.761,37.57,3.834,514.337
126,jessica97@hotmail.com,"32202 Curtis Branch Apt. 411
Port Brettmouth, KY 01192-0594",Cyan,Male,31.576,12.58,37.093,4.532,541.227
127,angelaphillips@gmail.com,"102 Karen Court
New Jameston, SC 57761-6570",MintCream,Female,32.657,11.958,36.635,,516.832
128,donald67@harrison.com,"9759 Tammy Skyway Apt. 171
Lake Debra, AS 95011",Lime,Male,34.709,10.652,37.146,3.218,468.446
129,zmalone@yahoo.com,"PSC 6717, Box 7673
APO AE 66950-0088",Moccasin,Female,34.537,12.752,36.714,3.284,
130,rlindsey@norris.com,"581 Smith Prairie Suite 995
Andersontown, AS 58802",Green,Female,32.772,11.541,37.526,2.924,431.618
131,lewisgabrielle@hotmail.com,"422 Rivers Springs Suite 221
North Barbara, WI 51990-7596",LightSkyBlue,Male,33.7,11.924,37.245,3.905,552.94
132,kristina69@gmail.com,"2859 Rodriguez Forks
Port Josephtown, OH 13591-3011",BlueViolet,Femalee,32.44,12.424,38.949,4.92,573.306
133,krista86@norton.net,"0537 Rice Village
West Kylieberg, NJ 19433-5090",Azure,Female,34.312,11.811,37.414,2.474,452.627
134,chelsea05@hansen.com,"7182 Stephen Fork Suite 150
Port Laurachester, CO 99974-1961",LightGray,Male,32.455,12.759,36.599,4.131,542.712
135,jill33@allen.com,"459 Amy Burg
Lake Travis, OR 53314",DarkCyan,Male,33.541,11.852,37.425,1.768,407.804
136,welchashlee@hotmail.com,"PSC 8159, Box 3254
APO AP 71071-4890",GreenYellow,Female,33.358,12.704,36.101,2.724,482.354
137,dawnlewis@watkins.org,"623 Erica Flat
Lake Josephland, MT 73514",Crimson,Male,32.686,12.215,36.594,3.897,529.23
138,ashleychristopher@gmail.com,"9271 Christopher Prairie
Douglasshire, NM 18581",MediumOrchid,Male,34.558,11.281,36.494,2.492,433.049
139,acontreras@hotmail.com,"88995 Edwards Row Suite 456
North Jo, DE 02062-7953",Sienna,Male,33.548,10.735,37.458,3.863,476.191
140,alvaradoadam@jones-thompson.com,"35970 Holly Key
Port Frank, VT 78059-9385",Aquamarine,Female,31.955,10.963,37.327,3.579,439.998
141,thomasgeorge@gonzalez-grant.com,"93306 Donald Greens
New Christopherbury, SC 59447",FloralWhite,Female,31.066,11.735,36.599,3.959,448.933
142,solischristina@gmail.com,"43102 Russo View Suite 717
Hollyport, SC 15344",SlateBlue,Male,31.851,12.419,35.978,3.252,472.992
143,jacksonboone@rubio.com,"973 Marc Ports
Brownstad, IN 48786-6700",Sienna,Male,32.609,10.537,35.731,3.914,463.924
144,kaitlyn78@chang.com,"978 Bean Square
Deanburgh, OR 95149",LimeGreen,Male,32.115,11.919,39.294,1.444,350.058
145,francisgeorge@thomas.org,"27563 Vincent Lake
Allenchester, DC 22159",Teal,Male,33.925,11.911,38.275,2.91,460.061
146,linda90@yoder.org,"979 Alison Motorway Apt. 676
North Frank, HI 55870-2651",WhiteSmoke,Male,33.477,12.488,36.518,3.346,505.771
147,stevenjohnson@yahoo.com,"PSC 4427, Box 6116
APO AP 87584-5187",SandyBrown,Female,33.001,11.231,36.995,3.782,467.801
148,johnsonchelsea@gmail.com,"19270 Velasquez Coves
Boylechester, AZ 51480",LightCyan,Female,32.088,11.908,35.189,4.35,512.166
149,jenniferjenkins@jones.com,"USNS Jacobs
FPO AE 71507-1312",LightSalmon,Female,33.265,13.052,38.776,4.574,608.272
150,ebutler@rogers-gonzalez.com,"001 Estrada Union
Lewismouth, TN 47360",Chartreuse,Male,32.993,13.004,36.985,4.62,589.026
151,ellenlucas@cox.org,"86268 Davis Corner
North Danielview, CT 59551-9382",DarkGoldenRod,Female,33.863,11.524,35.938,3.013,444.054
152,elizabethnunez@vasquez-nelson.net,"209 Andrew Viaduct
Port Anna, OR 01627-8037",Cornsilk,Male,32.592,10.315,36.729,4.791,493.181
153,ramirezjacob@turner.com,"19704 Kaitlin Flat
West Andrewtown, VI 38642",Magenta,Female,32.381,12.433,37.627,4.334,532.725
154,brian51@cook.info,"0508 Terrance Cliff
Rebekahtown, NC 48724-8308",SaddleBrown,Male,31.517,10.745,38.791,1.429,275.918
155,victoriajohnson@gmail.com,"2082 Christopher Place Apt. 081
Cynthiahaven, HI 99393-8910",DarkViolet,Female,33.454,11.017,37.637,4.137,511.039
156,lawrencewalton@hotmail.com,"584 Patterson Falls
West Alicia, DE 45751",Chocolate,Male,32.216,12.217,36.954,2.911,438.418
157,ashleymoreno@gmail.com,"11430 Meza Green Suite 037
Martinezborough, FL 40624-8726",DarkViolet,Female,31.674,12.329,37.074,3.982,475.725
158,wesleyvance@moore.com,"210 Johnson Street Suite 717
New Bethanyborough, MO 84817",Magenta,Male,33.718,10.807,36.012,3.701,483.543
159,david79@lopez-montes.com,"969 William Manor
West Sherry, MA 66282-2258",Purple,Male,32.116,12.381,37.232,3.09,463.485
160,micheleblanchard@lopez-greene.com,"555 Hunt Track Suite 307
South Kristi, PA 73709",SlateGray,Female,32.256,10.481,37.339,4.514,479.732
161,pmercado@rodriguez.com,"811 Maria Run
Sanchezville, MI 04953",LightPink,Female,32.692,12.297,36.952,1.826,424.185
162,james30@carter.biz,"3604 Richard Junctions Suite 448
Brownburgh, CO 64856-8238",LimeGreen,Male,32.385,10.862,36.584,3.994,465.889
163,parkerkayla@miles.com,"170 Andrew Mews
North Susan, NM 85338-2426",DarkSlateBlue,Male,34.339,10.716,38.307,2.652,426.775
164,alicia85@lee.com,"14220 Carla Flat Suite 521
Lake Matthew, DE 06183",DimGray,Male,32.887,12.387,37.431,6.401,684.163
165,dominguezjacob@hotmail.com,"8594 Erica Manors Apt. 529
Lake Miguel, MH 10652-9266",CornflowerBlue,Female,32.51,10.985,37.396,5.391,555.893
166,ebrown@osborne.com,"4291 Nichols Fork Apt. 562
Thomaschester, SC 08938-8769",DarkSlateGray,Female,31.945,12.966,36.966,6.077,657.02
167,nathan86@hotmail.com,"748 Michael Plaza
West Billyside, UT 20799",MidnightBlue,Male,36.14,12.05,36.96,3.865,595.804
168,aaron11@luna.com,"672 Jesus Roads Apt. 443
Thompsonland, WY 69228",LightSkyBlue,Male,32.45,13.458,37.239,2.941,503.978
169,fsnow@ellis.com,"0272 Jones Way
Lake Angela, MP 97003-5793",MediumBlue,Male,32.295,12.443,37.328,5.085,
170,asilva@yahoo.com,"USNV Johnson
FPO AP 19026",Wheat,Male,34.603,12.207,33.914,6.923,744.222
171,casey21@johnson.com,"691 Johnson Field Apt. 510
Michaelville, VI 78140",SpringGreen,Female,33.599,11.586,39.095,3.604,512.825
172,campbellross@yahoo.com,"6218 Michael Station Apt. 982
Salazarburgh, NJ 79955",DarkRed,Female,34.569,11.378,38.304,3.785,528.224
173,blevinseric@stephens.com,"PSC 3676, Box 1549
APO AE 26130-7683",Orange,Female,32.838,12.364,38.039,3.309,
174,stevenking@patterson.com,"94730 Martin Mount
New Matthew, VI 08142-6708",LightGray,Male,33.504,12.399,35.013,0.969,357.591
175,samuel94@hotmail.com,"5480 Vazquez Crossing Suite 825
East Christopherland, PA 42104",DarkViolet,Male,33.302,12.542,38.311,3.769,536.423
176,johnsonpaul@keller-woodard.org,"USCGC Dodson
FPO AA 87781-3935",LimeGreen,Female,30.879,13.28,36.936,3.585,490.207
177,twilliams@gibbs.net,"Unit 6678 Box 6628
DPO AP 44369",CadetBlue,Male,33.154,11.796,37.659,4.52,550.048
178,teresapacheco@salinas.biz,"75805 Larry Mills
East Cristian, MH 53820",DarkMagenta,Female,32.048,12.718,37.661,3.676,513.451
179,allison80@carson-hansen.com,"04311 Oconnor Park Apt. 415
Kelleystad, ND 63064-8935",ForestGreen,Male,33.631,12.04,38.924,2.873,497.812
180,turnerryan@hotmail.com,"770 Lewis Pike Apt. 869
Phelpsport, PA 93969-4887",LightSkyBlue,Male,34.047,12.474,35.038,4.056,578.986
181,walkererica@scott.com,"86536 Barnes Track
South Kyle, MT 21570-5606",MediumAquaMarine,Female,33.644,13.16,36.408,3.015,506.536
182,mark94@yahoo.com,"586 Timothy Union Suite 592
East Joseph, MO 81374",Salmon,Male,32.655,11.052,37.633,4.717,501.749
183,daniellecuevas@hotmail.com,"9287 Daniel Rest Apt. 608
Allentown, SD 73050",LavenderBlush,Male,33.429,10.637,37.579,2.926,421.967
184,gbarnes@gmail.com,"8667 Suzanne Motorway Suite 241
Spencechester, KY 74385-4618",Green,Male,31.865,13.443,36.878,2.361,439.891
185,cody68@hotmail.com,"374 Dana Junctions
Langside, WI 36474",SpringGreen,Male,34.482,13.283,35.907,4.969,666.126
186,fischermonica@gmail.com,"9847 Michael Plaza Suite 837
Lake Christophershire, NV 87324-8427",Navy,Female,32.53,11.748,36.94,0.802,298.762
187,brenda25@gmail.com,"353 Jones Loaf Apt. 767
South Michaelburgh, PR 16281-4840",OliveDrab,Male,33.432,10.86,38.836,3.669,465.177
188,david58@yahoo.com,"6058 Thomas Divide
Matthewland, PA 89442-8198",LightSalmon,Female,33.309,11.692,37.481,1.716,373.886
189,clifford76@johnson.com,"8032 Hodge Circle Apt. 255
Lake Jessicashire, OR 54914",RosyBrown,Female,32.333,11.549,38.577,4.774,532.717
190,jacquelinehughes@bennett-branch.info,"601 Ashley Loop Suite 162
Port Benjaminview, DE 02456",DeepPink,Female,34.713,11.724,36.814,4.088,
191,victoria53@hotmail.com,"16329 Sara Neck Apt. 463
Bryanside, TX 62329",Pink,Male,32.636,12.179,35.674,4.132,537.773
192,cunninghamkyle@ellis-parker.org,"449 Williamson Lakes Apt. 118
Travisville, AK 06848-0177",LightGreen,Male,33.076,12.32,37.819,3.443,501.1
193,jjones@yahoo.com,"047 Carla Locks
Coreymouth, AR 98066",GreenYellow,Female,32.23,11.084,37.96,4.724,517.165
194,michaelferguson@torres-miles.net,"757 Amber Gateway Apt. 787
New Stephaniechester, OR 61576-6056",Sienna,Female,34.143,13.178,38.856,3.231,557.529
195,crawforderik@price.org,"5183 Michael Ramp
East Lukeburgh, FL 93972",DarkKhaki,Female,32.497,12.833,37.679,2.972,493.719
196,jlawson@mccarthy.com,"0127 Morgan Fields Apt. 080
Thompsonfurt, ME 01160-7043",LightGray,Female,33.122,11.509,37.253,3.182,452.123
197,marshchristopher@zimmerman-villegas.com,"667 Stephanie Lake Apt. 658
Marthashire, NC 11815-2307",DarkRed,Female,33.089,11.858,36.087,4.806,577.273
198,oolson@collins.com,"07867 Horn Lake
West Teresatown, VT 64387-1228",Aqua,Male,32.534,12.293,37.065,3.62,485.923
199,isaiahcampbell@yahoo.com,"55414 Ramirez Union Apt. 614
West Crystal, CA 03845-2631",Red,Female,32.484,10.933,36.546,3.261,
200,kcannon@alvarez-cline.info,"55479 Peters Field Apt. 702
North Micheleberg, PR 45063",Lavender,Male,32.543,13.333,37.964,3.597,537.215
201,nielsencarmen@harrell.net,"2491 Yates Crest Suite 316
Connieville, FL 92080-0819",DeepPink,Female,32.283,10.903,36.094,4.789,524.638
202,efreeman@moore.com,"223 Powell Ridges
East Richardtown, RI 90715-2178",White,Female,32.201,12.277,38.233,3.316,478.885
203,roblessarah@hotmail.com,"022 Taylor Mews Suite 692
Hallberg, NJ 53614",MediumSeaGreen,Male,34.713,12.039,37.635,4.632,612.385
204,christopherhaas@gmail.com,"56674 Melanie Flats
Schneiderberg, IN 66532",MediumPurple,Female,32.713,11.724,37.153,3.308,
205,ethomas@yahoo.com,"1279 Douglas Mountains
Port Christopherberg, RI 32811-8325",LightGreen,Male,33.695,11.203,35.494,4.016,505.12
206,wevans@gmail.com,"222 Jason Park
Dominguezshire, NC 98241",Tan,Female,31.57,13.378,36.338,4.369,545.945
207,patrickorr@yahoo.com,"6009 Heather Park
Howardhaven, SD 51705-2993",LawnGreen,Female,33.459,11.389,37.909,2.567,434.022
208,mary84@edwards.com,"19123 Craig Isle Apt. 719
Millsmouth, SC 94194",LightSkyBlue,Male,31.821,10.771,37.279,3.519,424.675
209,longwilliam@gmail.com,"16068 Kelly Parks
Wrightside, NH 21447",BurlyWood,Male,32.733,11.819,37.102,1.504,352.55
210,lisagutierrez@johnson-herring.net,"89300 Amber Centers Apt. 879
Victoriaton, VT 98394",Peru,Male,32.407,13.809,37.427,5.04,662.961
211,david81@hotmail.com,"1576 Lane Shoal
Rogerton, PR 63867-3426",Thistle,Male,33.506,11.66,37.281,4.479,560.56
212,jacksonking@mccormick.com,"120 Micheal Fort Apt. 762
East Patrickbury, WY 65946",DarkMagenta,Male,30.836,13.1,35.908,3.362,
213,jessica04@christian-riley.com,"338 Graham Loaf Suite 236
East Toddton, FM 43566-4238",LemonChiffon,Female,34.878,13.068,36.678,1.921,504.87
214,simmonsmartin@hardy.com,"2302 Joshua Park
Millerbury, WA 30239-8144",MediumVioletRed,Female,34.007,12.494,36.045,4.331,590.563
215,michellejohnson@sanders-rodriguez.com,"70562 Gonzalez Stravenue
Elizabethland, WI 40700-9149",Teal,Male,31.526,11.34,37.04,3.811,443.966
216,tylerhernandez@barton.info,"7613 Miguel Knoll Suite 762
West Katherine, WV 19406",SlateGray,Male,31.047,11.2,38.689,3.089,392.497
217,connerjoseph@gmail.com,"981 David Square
New Jacquelinetown, AK 66018-4092",Turquoise,Female,34.596,11.332,35.46,4.542,568.718
218,jeffrey54@mcdonald-williams.com,"297 Francis Valley
South Lindsey, NY 13669-5367",Gainsboro,Female,34.968,13.919,37.952,5.067,712.396
219,hevans@kelly-nunez.org,"Unit 4065 Box 2267
DPO AE 69180-7372",Orchid,Male,32.295,11.031,38.253,3.107,413.296
220,lewiskendra@yahoo.com,"988 Matthew Plaza
Lake Jacobshire, AL 37889",Yellow,Male,33.324,11.085,36.776,4.747,562.082
221,freemantina@cannon.org,"870 Dennis Throughway
Wilsonport, PW 12658",AntiqueWhite,Male,32.903,10.543,35.534,3.092,412.013
222,wagnerbrian@hotmail.com,"50593 Wells Roads Apt. 110
South Amy, MI 06969-2026",AliceBlue,Male,32.559,11.798,37.777,3.196,468.668
223,melissa08@nelson.com,"15863 Harrington Glens Suite 012
Marystad, LA 50652-8210",Tomato,Male,31.766,12.443,38.132,3.85,496.554
224,karina59@gmail.com,"9580 Clark Trail Suite 687
Williamsside, FM 57367",PapayaWhip,Male,34.082,12.105,36.06,3.975,548.519
225,baldwinbryan@estrada-silva.biz,"1470 Kathleen Pass
South Christopherberg, SD 22850",MediumSeaGreen,Male,33.304,12.378,38.764,3.844,536.131
226,audreyguerrero@carey.com,"1995 Susan Locks Suite 760
East Cheryl, AR 37103-5176",BlueViolet,Female,34.331,13.722,35.773,2.909,558.427
227,drew29@hotmail.com,"20888 Erin Via
Grahamville, NH 72913-6101",Tomato,Female,32.079,12.726,36.545,1.139,357.864
228,michael00@yahoo.com,"03065 Henry Courts Suite 443
Derekstad, VT 88473",DarkSlateGray,Female,33.606,13.685,34.892,2.685,529.057
229,jgray@khan-allen.com,"1416 Rachel Crescent
West Laurieside, IL 81119-7229",Gold,Male,32.745,10.013,38.355,3.109,387.357
230,bushsusan@hotmail.com,"20618 David Square
Gayland, HI 78719-9628",Moccasin,Female,32.122,11.436,36.224,4.853,528.934
231,charris@gmail.com,"2781 Matthew Wells Apt. 569
Potterview, KS 50763-8282",MediumSeaGreen,Male,32.531,12.355,37.122,2.308,420.916
232,longphillip@yahoo.com,"13044 Woods Heights
Andreamouth, ND 52317-6007",LightGreen,Male,31.737,10.749,35.739,4.836,496.933
233,madisonalexander@gmail.com,"791 Allen Trafficway Suite 776
Christopherland, DC 41460",Orange,Male,34.118,11.592,37.744,3.679,519.373
234,mfoster@brown-white.com,"36192 Ho Spring
New Michael, RI 65851-6369",Cyan,Female,33.637,11.237,37.675,5.255,591.438
235,sanchezkara@hotmail.com,"40494 Robert Park
Heatherside, IL 70364",SlateBlue,Male,34.335,11.109,38.586,3.893,502.41
236,floresbradley@hotmail.com,"446 Daniel Rest Suite 644
Port Matthewhaven, MN 89465",BlanchedAlmond,Female,34.815,12.115,36.289,4.389,604.335
237,lamryan@curtis-garcia.net,"96393 Joshua Rapids
Jonesview, VA 58733",LavenderBlush,Female,34.643,11.866,37.718,4.003,555.068
238,alexandra26@summers-davis.com,"Unit 7032 Box 7016
DPO AE 44749-2992",Navy,Male,32.837,10.257,36.144,0.79,256.671
239,ocortez@gmail.com,"4800 Ashley Spur Apt. 347
Dannyfort, GA 23352",MediumBlue,Male,32.3,12.169,37.074,4.403,547.111
240,melinda39@morton.info,"13693 Cox Falls Apt. 693
Padillaview, PW 28998-0386",Moccasin,Male,31.948,13.085,37.606,2.649,461.921
241,lisa94@jackson.com,"40288 Stephens Corner Apt. 221
West Stephanie, OK 55617-4332",CadetBlue,Female,32.727,13.013,36.651,2.368,458.377
242,lucastaylor@yahoo.com,"63872 Chavez Lodge
Danielton, NJ 85847",MediumTurquoise,Female,33.946,10.984,37.951,3.051,436.283
243,apark@walsh-obrien.net,"28942 Bradford Crescent
New Morganfurt, MD 77162-0478",DarkGreen,Female,32.351,13.105,35.575,3.641,532.935
244,dominguezmaria@gmail.com,"1768 Rosales Ford Apt. 793
Lake Markbury, SC 31567",RoyalBlue,Male,34.174,12.145,37.258,3.397,512.553
245,jimmy11@hardin.com,"496 Bush Turnpike Apt. 674
Donnabury, OR 32596-0079",DarkGoldenRod,Female,32.975,13.91,37.792,4.298,
246,patriciajackson@jenkins.info,"981 Matthew Valley Apt. 621
Lake Tracyburgh, NM 33288-1364",Thistle,Female,32.005,11.395,37.333,3.803,463.746
247,rayvanessa@fischer.com,"2583 Mark Springs
Lake Robert, AL 40928",White,Male,34.197,13.034,37.077,2.633,493.18
248,gharrison@davis.com,"04140 Cameron Brooks Apt. 724
South Laurenberg, HI 08562",MediumSpringGreen,Female,33.177,11.623,35.969,3.634,501.209
249,alexandermichael@hotmail.com,"2086 Lisa View
Ortegabury, MI 43544",WhiteSmoke,Male,32.693,12.601,37.37,3.467,501.928
250,christopher66@hotmail.com,"388 Kelly Pike
West Jeffery, DE 44039-7785",BurlyWood,Male,31.625,13.188,37.067,1.494,376.337
251,archeremily@baldwin.com,"USCGC Hernandez
FPO AE 53064",YellowGreen,Female,31.261,13.267,36.971,2.267,421.327
252,hornesteven@gmail.com,"91425 Roy Trail
Rivaston, NE 34949-2588",White,Female,31.721,11.752,38.574,5.024,538.775
253,william28@gmail.com,"16763 Melissa Creek Suite 367
North Keithland, PW 29458",Cyan,Male,32.923,11.568,36.909,2.472,398.163
254,karenosborne@yahoo.com,"81814 Pratt Squares Suite 460
North Robert, GU 77741-1307",SlateBlue,Female,32.686,12.639,36.097,4.298,571.471
255,chansen@holt.com,"2380 Fisher Neck Suite 233
Brianland, AZ 34453-0625",LightSkyBlue,Female,34.051,11.389,39.082,2.437,451.629
256,hallthomas@lane.com,"22630 Bell Centers Suite 030
North Danielport, FM 31756",DarkTurquoise,Female,32.455,11.823,36.946,3.657,490.6
257,taylorkimberly@yahoo.com,"0030 Mathis Square Suite 154
South Jadehaven, AR 33997-4450",Gainsboro,Female,31.283,12.726,35.966,5,591.781
258,clester@yahoo.com,"76778 Underwood Knoll
New Gregory, ID 57323",LightCyan,Male,32.98,11.201,37.689,2.413,409.07
259,pvega@hotmail.com,"61629 Johnson Underpass
New Eric, MI 92352-5044",LightCoral,Male,31.91,11.347,36.324,5.314,563.446
260,vmartin@yahoo.com,"30242 Rubio Forest
Port Kyleland, VA 18339-5779",Turquoise,Female,34.402,14.221,37.523,4.078,647.619
261,andreperez@hotmail.com,"17463 George Ports
East Julianborough, WY 68291",DarkOliveGreen,Female,32.96,11.546,36.948,3.275,
262,anntaylor@hotmail.com,"PSC 1634, Box 8167
APO AA 49814",Teal,Male,33.78,11.918,36.845,3.635,518.786
263,hickmanelizabeth@yahoo.com,"12641 Greer Track Apt. 183
North Mitchell, IA 77991-6276",DeepPink,Male,32.673,12.276,37.193,3.982,523.634
264,halljohn@yahoo.com,"311 Savannah Ramp Suite 245
Carlsonbury, LA 08453-6035",MediumTurquoise,Male,32.729,10.132,34.846,3.288,393.857
265,cohensean@yahoo.com,"3751 Green Loaf
New Julia, VT 20897",DarkCyan,Female,33.41,12.027,36.134,2.313,426.155
266,jmartinez@anderson.org,"14889 Page Prairie
Dennisville, NV 27982-4210",PeachPuff,Male,31.724,13.172,36.2,3.558,503.388
267,cbrady@gonzalez-miller.com,"193 Ashley Plaza Suite 706
Hernandezport, WV 71270-7338",Aqua,Female,32.711,12.326,36.674,3.35,
268,pkline@hotmail.com,"PSC 6338, Box 7637
APO AA 22066",MediumTurquoise,Female,33.137,13.891,39.221,2.907,524.798
269,martha91@garrison.net,"360 Albert Spring
South Tylerbury, VA 92641-9077",HotPink,Female,34.379,12.931,36.36,3.793,574.655
270,maureenlopez@gmail.com,"82537 Alice Centers
Gregland, OR 71749",SeaShell,Female,35.531,11.379,36.636,4.029,574.747
271,russellbaldwin@ferrell.info,"295 Michael Keys Apt. 706
Ericfurt, KS 09476",Orange,Female,33.247,14.069,38.993,4.978,660.425
272,amandastanley@yahoo.com,"38528 Jerry Valleys Suite 027
Jonesstad, NY 74787-2691",CadetBlue,Female,32.096,10.805,37.373,2.7,375.398
273,george02@hotmail.com,"3286 Lynch Field
Henrychester, RI 41833-7902",LightCoral,Male,35.039,14.426,37.374,3.931,640.188
274,swilliams@ball-arroyo.com,"450 Samantha Valleys
Collinsborough, KS 37205-9891",Orchid,Male,32.551,13.041,36.655,3.456,514.01
275,taylorjared@foster.net,"601 Mitchell Estates Suite 922
Port Daniel, WV 83595",Crimson,Female,32.582,11.74,36.855,2.182,376.497
276,keith13@yahoo.com,"81830 Katie Squares
Port Austinland, FL 73522-0761",LightGoldenRodYellow,Female,33.297,12.491,38.239,2.71,484.52
277,schmidtdenise@hotmail.com,"06392 Matthew Viaduct Suite 000
Lake Ronald, NY 45787-0181",DarkGoldenRod,Male,33.108,12.892,36.527,4.594,614.73
278,jasmin20@salas.com,"634 Nancy Shoals Suite 241
South Barry, AR 52307",HotPink,Female,33.903,11.669,37.341,4.257,567.475
279,christophermorrison@mcguire-carter.biz,"90089 Eric Well
Nicoleside, MT 95918",Blue,Female,34.555,11.778,37.98,3.784,554.003
280,deborah51@yahoo.com,"4190 Shelton Harbors
North Christopher, RI 60962",Violet,Male,33.733,12.139,36.854,1.623,399.984
281,melindahartman@gmail.com,"3761 Jared Mountain
Nicholasport, WY 51181",Pink,Female,31.601,12.223,36.823,3.415,479.173
282,sharper@yahoo.com,"239 Bush Fall Apt. 906
Riveraville, KY 88906-3319",SandyBrown,Female,34.319,13.402,37.292,3.606,585.932
283,jessicabrewer@simmons.net,"5052 Mccoy Passage Apt. 328
Teresaport, FM 97139",LightBlue,Female,34.006,12.956,38.655,3.276,540.996
284,beckycarson@jones-brown.biz,"78787 Mitchell Lights
Matthewville, AZ 30310-0130",Gold,Female,33.54,12.884,36.226,5.007,628.048
285,jennifer24@hotmail.com,"46954 Melissa Corner
North Amanda, LA 34844",SteelBlue,Female,34.436,13.325,36.769,3.371,582.492
286,jeremy00@yahoo.com,"45442 Barber Key Apt. 882
South Jaclyn, NM 24367-3001",FloralWhite,Female,33.552,12.159,36.575,5.454,640.786
287,wellsjuan@schroeder.com,"0338 Francis Junction
Lake Alexstad, NH 14302",Green,Female,31.819,11.227,35.67,3.756,446.419
288,gregorystewart@hotmail.com,"232 John Haven Suite 456
Johnsonhaven, VT 90106-0173",PaleGoldenRod,Male,32.363,12.461,37.746,4.664,570.63
289,tammyjones@griffin.com,"0859 Audrey Isle
South Zachary, AS 09138",Navy,Male,33.192,9.846,36.876,3.807,423.308
290,djohnson@hotmail.com,"5358 Stephen Parkway Suite 894
Kimview, MN 17436-4528",Coral,Male,32.192,13.325,36.897,5.05,616.66
291,kenneth27@smith.com,"721 Robert Viaduct Apt. 052
Lake Olivia, MO 93807",DarkGreen,Male,32.608,13.677,37.745,2.872,530.362
292,johnathan33@yahoo.com,"836 Amy Villages
Hannahside, RI 09207-2616",LightSteelBlue,Male,32.262,11.645,37.027,3.237,442.363
293,carrillojacob@perry-larsen.com,"909 Hicks Mountains
Gabriellaport, MD 33121",Aquamarine,Male,32.272,13.485,37.551,3.086,511.98
294,greenelizabeth@edwards.com,"54051 Jenkins View
East Danielshire, IN 32905-7784",DarkViolet,Male,33.795,11.621,38.419,4.56,560.444
295,denisemorrow@johnson-james.net,"24458 Hudson Square
Hallside, PA 68038",MediumSpringGreen,Female,31.655,13.014,37.789,3.01,475.263
296,wandaphillips@leonard.com,"149 Monica Vista Apt. 908
Jasonberg, TX 19632-8886",OliveDrab,Male,33.078,11.467,35.676,1.809,374.27
297,zachary94@gmail.com,"99902 Scott Road
Joyton, MT 46760-7400",Purple,Female,31.312,11.685,38.717,3.594,463.591
298,ppowell@gmail.com,"74260 Carly Mews Suite 703
Jonesberg, OR 39594",BlueViolet,Male,32.873,12.094,36.621,3.049,471.603
299,bhill@pierce-kane.info,"3324 Branch Squares Suite 221
Riddleton, OK 34594",RoyalBlue,Female,33.708,14.326,35.722,3.634,626.019
300,matthewgraves@mills-shaffer.com,"66636 Jason Parkway
Kellyside, NV 67033",DarkSeaGreen,Female,33.909,12.915,39.069,1.482,432.472
301,nwagner@yahoo.com,"Unit 2079 Box 7792
DPO AP 47668",AntiqueWhite,Male,32.313,9.824,35.743,2.921,356.616
302,jamesfaulkner@hoffman-wolfe.org,"Unit 0474 Box 0661
DPO AP 48938-3469",Blue,Male,34.394,12.808,38.551,1.81,467.428
303,phillipscarrie@gmail.com,"625 Andrew Locks
Madisonside, AZ 74068",FloralWhite,Male,32.423,13.058,37.264,3.373,503.217
304,samantha84@cortez.com,"960 Miller Union
East Virginiastad, MS 74191-2346",Navy,Male,33.539,10.535,37.035,2.215,378.474
305,edward29@knapp.com,"4029 Gerald Cape
South Laurenborough, SC 19130-5133",DarkOrange,Female,33.374,11.143,35.946,5.454,584.218
306,hannahgilbert@gmail.com,"6961 Mary Stravenue Suite 857
Hilltown, TX 52813-7703",Aqua,Male,33.795,10.983,34.811,3.202,451.728
307,lschroeder@gmail.com,"93101 Shannon Common
South Destiny, ND 30379-2855",Ivory,Female,33.771,11.154,37.24,4.729,557.634
308,thomaswendy@yahoo.com,"449 Amanda Tunnel
Joshuahaven, CO 15377",LavenderBlush,Female,31.309,11.947,36.191,3.206,432.721
309,fuenteskathryn@schmidt-johnson.org,"839 Heather Cliff
South Blake, SC 90412",Cyan,Female,33.613,11.471,37.062,3.803,506.424
310,melissa08@rowe.net,"13799 Cortez Inlet Suite 733
East Stevenshire, AL 32757",Tan,Male,33.398,11.038,38.617,4.116,510.16
311,bradleysmith@barber.com,"581 Gilmore Port
Heatherville, MS 20879",PaleVioletRed,Male,33.623,11.167,35.627,5.463,587.575
312,morganorozco@hotmail.com,"0001 Mack Mill
North Jennifer, NE 42021-5936",LightPink,Male,30.493,11.563,35.977,1.482,282.471
313,johnsonhannah@gmail.com,"634 Robert Hill Apt. 800
Coxtown, OK 32430",Thistle,Male,31.905,12.228,36.986,3.771,473.95
314,javier02@landry.net,"Unit 7029 Box 3429
DPO AE 56975",CadetBlue,Female,33.026,13.187,38.067,2.898,489.908
315,lmalone@gmail.com,"USS Beasley
FPO AP 50556-7615",AntiqueWhite,Male,32.975,13.394,37.807,3.569,541.972
316,brandon77@richardson.com,"109 Jessica Manor
North Patriciashire, PR 84726",GhostWhite,Male,30.816,11.851,36.925,1.085,266.086
317,bhamilton@shaw.biz,"036 Mary Drive Apt. 581
Port Brandytown, FL 66143",DarkOrchid,Male,33.914,12.267,36.575,3.023,494.687
318,randyrobinson@hotmail.com,"14548 Hayes Isle Apt. 436
Garciaville, IN 65366",DarkGray,Male,33.303,13.459,36.34,5.566,689.788
319,ecruz@yahoo.com,"08111 Barry Highway
Bentonberg, GU 13706",Gainsboro,Male,31.912,11.793,36.258,2.395,387.535
320,wrightdanielle@gmail.com,"508 May Highway
Port Jacobview, MN 31932",DarkSalmon,Male,32.409,10.986,37.368,3.505,441.897
321,deandanny@yahoo.com,"9781 Lopez Spurs Apt. 300
Fitzgeraldborough, MA 89035-4317",Ivory,Male,32.645,12.638,36.517,5.227,604.841
322,dblair@gmail.com,"190 Kelley Burg
West Juliaport, IA 35826-8163",MediumSlateBlue,Male,34.102,8.508,35.462,1.838,302.19
323,veronicapruitt@hotmail.com,"Unit 7502 Box 8345
DPO AE 53747",Cyan,Male,33.249,11.657,36.549,3.363,479.615
324,davischristina@hotmail.com,"49352 Avila Terrace Suite 624
Amandaland, GA 99736",SeaGreen,Femalee,34.729,11.967,36.548,2.957,506.132
325,douglasdunlap@boone-rose.com,"093 Larson Ports
West Kathryn, OK 91243",Purple,Male,30.393,11.803,36.316,2.084,319.929
326,david28@wallace-hill.org,"43382 Heather Meadows
New Lisaburgh, WI 19151-0302",LightBlue,Male,33.384,12.677,35.623,3.681,528.309
327,williammoore@rose.com,"686 Baker Fords Suite 893
East John, IL 50171-9547",Brown,Male,32.878,13.033,37.871,4.694,610.128
328,angela25@walker.com,"456 Eric Views
North Amanda, MS 98876-3102",Chocolate,Male,34.501,12.448,37.535,4.008,584.106
329,arice@reynolds.info,"740 Marshall Squares
Davidbury, AL 94251-0846",Thistle,Male,33.566,12.236,37.278,2.532,466.421
330,adam75@gmail.com,"9991 Macdonald Squares
Vasquezborough, WY 73586-4597",Purple,Female,32.849,10.973,36.61,2.871,404.825
331,charlesgutierrez@hotmail.com,"363 Kathleen Underpass
Ashleyside, PR 98964",MistyRose,Male,33.532,13.666,36.9,3.516,564.791
332,codyandrews@hotmail.com,"63010 Reyes Creek Apt. 569
West Catherinetown, MN 67491-6816",Indigo,Male,33.419,13.391,37.194,4.07,596.517
333,wheelernancy@hernandez.com,"66340 Michael Lane Suite 878
West Brian, LA 69137-1147",Gold,Male,32.495,12.968,38.296,1.2,368.655
334,drew27@ryan-thompson.com,"4475 Lopez Stravenue Apt. 690
Smithchester, NV 84347",PeachPuff,Male,33.674,12.969,37.333,3.229,542.412
335,suzanne63@gmail.com,"229 Eric Mountains
New Caleb, PA 00396",LightSalmon,Male,33.265,10.732,36.146,4.087,478.262
336,mitchellscott@gmail.com,"3976 Tom Streets Suite 438
Port Davidtown, AL 55334-2369",DarkOrange,Female,32.762,10.952,37.646,4.019,473.36
337,laurajimenez@gmail.com,"06103 Erik Fields Suite 781
Jonesmouth, GA 49931-3078",SlateBlue,Male,33.479,12.609,37.229,4.206,559.199
338,rogersheather@hamilton-jensen.org,"510 Michele Port
East Angela, HI 23618",MintCream,Female,33.785,13.04,36.313,2.018,447.188
339,ievans@hotmail.com,"2064 Poole Groves
North Chrisland, SC 78169",NavajoWhite,Female,33.217,11,38.443,4.244,505.23
340,john85@rodriguez.info,"57120 Frank Keys
Jerryborough, DC 81028-0939",Tomato,Female,31.128,13.279,37.387,4.626,557.253
341,phillipsmark@byrd.net,"6734 Perez Trafficway Suite 395
Nunezland, NC 83245",DarkSeaGreen,Female,33.37,10.628,38.04,3.003,422.369
342,elizabeth61@berg-braun.com,"649 King Extension
North April, NY 54175",Lavender,Female,32.838,13.185,35.922,1.824,445.062
343,dbenson@simpson.net,"732 Heather Place
North Michael, VT 92527",DodgerBlue,Male,30.574,11.351,37.089,4.078,442.064
344,stephaniehill@hotmail.com,"8248 Parker Overpass Apt. 024
Lake Pamela, WY 44322-1735",Wheat,Male,32.275,12.955,37.109,3.69,533.04
345,davisbriana@gmail.com,"15298 Erickson Shore Apt. 056
South Patrickfort, MD 16503-3145",MediumVioletRed,Male,33.144,11.737,37.935,2.19,424.203
346,kday@gmail.com,"4835 Jessica Walk Suite 205
West Jacob, NH 93681",Magenta,Female,33.486,11.887,35.862,3.207,498.636
347,jonathanconner@morales.biz,"920 Anderson Extensions
Greenfurt, GA 19316-3498",SeaShell,Male,31.976,10.757,36.596,1.977,330.594
348,anneingram@miller-alexander.com,"4301 Park Lake Apt. 158
Spencertown, SD 45934",HoneyDew,Male,32.134,11.613,39.249,3.349,443.442
349,jeffery48@mcguire.com,"52326 Townsend Centers
Lake Williamburgh, NJ 70568-7463",LightCyan,Female,32.303,11.979,38.269,3.533,478.601
350,theresamitchell@martin-chambers.biz,"157 Linda Roads
New Jimmyshire, MH 51942",Khaki,Male,31.828,12.461,37.429,2.975,440.003
351,christianwade@butler.info,"3687 Sarah Ranch Suite 919
Gainesfort, AK 05665",Crimson,Male,32.018,10.079,38.071,2.618,357.783
352,tina16@santiago.com,"314 Kidd Run
Johnfort, KS 46546-2732",White,Female,32.997,12.589,37.332,2.804,476.139
353,vancealicia@hotmail.com,"06307 Scott Spurs Suite 161
Jessicaburgh, NH 26093-5908",RoyalBlue,Female,31.816,14.288,36.774,2.964,501.122
354,dbell@hotmail.com,"3485 Anthony Street Apt. 119
Mikeberg, FL 32602",DarkViolet,Male,34.462,11.917,37.767,4.351,592.688
355,pamelahampton@martin-cobb.com,"91542 Jessica Springs Suite 255
Thomashaven, MT 39239-3790",DarkSeaGreen,Male,32.343,11.41,35.778,3.872,486.083
356,mark81@wagner.com,"410 Gonzalez Corners Apt. 187
East Stephenport, VT 22771",Navy,Male,32.303,12.815,37.958,4.615,576.025
357,awerner@manning.com,"407 Blake Ways
Port Davidland, WA 78438",Gray,Male,33.066,11.673,37.841,2.727,442.723
358,robertramirez@kaiser.com,"1583 Anderson Coves
East Rebecca, NH 27212",Purple,Female,33.895,10.611,37.977,3.537,461.791
359,justin26@gmail.com,"32303 Baldwin Causeway
South Robertside, HI 58126",RosyBrown,Male,32.766,12.507,35.823,3.127,488.388
360,douglas95@yahoo.com,"395 Summers Courts Apt. 413
Coopermouth, IA 21205-1079",White,Male,33.77,11.304,37.834,5.138,593.156
361,qmorse@yahoo.com,"0360 Pearson Dam Suite 263
Lake Shawn, UT 65986-4190",MediumTurquoise,Male,31.812,10.887,34.898,3.129,392.81
362,jason50@bates.net,"74839 Michael Plains Suite 356
South Austinshire, ND 40309-1424",Bisque,Female,32.009,12.096,36.378,3.179,443.197
363,qeaton@savage.com,"27032 Michelle Forest
Morrowtown, ND 14749",SaddleBrown,Male,33.304,12.693,37.334,3.827,535.481
364,tluna@hotmail.com,"01512 Hendricks Rue
East Pamela, PR 46481",YellowGreen,Male,32.19,11.387,38.197,4.808,533.397
365,kara33@gmail.com,"5527 Hogan Road
South Jeffreychester, MA 28632",LavenderBlush,Female,34.936,10.728,36.881,4.049,532.127
366,thomas22@yahoo.com,"7346 Jennifer Green Suite 148
Wagnertown, MT 65972",IndianRed,Female,33.552,11.937,35.9,4.543,558.948
367,david47@hotmail.com,"37216 Krista Drives
West Andrew, DE 70036",DarkKhaki,Male,32.387,12.718,35.129,3.481,508.772
368,beasleyjoseph@hotmail.com,"1094 Bentley Forges
Lake Antonio, MA 29181-3664",SaddleBrown,Male,33.345,10.97,35.975,2.628,403.767
369,hoffmandaniel@yahoo.com,"922 Hampton Path Suite 198
Port Jasonmouth, FL 46623",Orchid,Female,33.673,13.421,37.764,4.794,640.584
370,garnerjustin@king.com,"0833 Brian Canyon Suite 566
Anthonymouth, VT 01329-7541",DarkCyan,Female,34.002,11.855,37.492,2.762,461.628
371,francesjohnson@lee.com,"577 Peters Turnpike
Loriport, MA 60572-1669",Aquamarine,Male,32.655,11.919,35.716,2.16,382.416
372,awu@robinson.org,"0281 Dale Wells Suite 656
East Joshua, ME 73389",Brown,Male,32.054,13.15,37.65,4.196,561.875
373,xevans@hotmail.com,"13164 Miller Camp
South Deannaberg, ID 85433",DarkMagenta,Female,33.229,12.685,36.049,2.139,444.576
374,lauriewilson@jackson.com,"389 Joshua Stravenue Apt. 983
Martinezland, MN 29049",Cornsilk,Female,32.078,10.348,39.045,3.435,401.033
375,cruiz@yahoo.com,"497 Julian Brook Suite 872
Hillberg, FM 87927-5760",LightSalmon,Male,33.981,9.316,36.915,2.868,384.326
376,tammy12@gmail.com,"78297 Brown Street Apt. 786
East Taylorfurt, AK 97246",Chocolate,Female,34.18,12.582,35.444,3.137,527.783
377,adamperkins@terrell.com,"2595 James Creek Apt. 571
Millerberg, HI 82236",PaleVioletRed,Male,32.603,11.764,37.923,3.526,482.145
378,willie26@johnson-howard.com,"97686 Robertson Cape Suite 607
Port Veronicaside, NE 47293",Wheat,Female,32.031,12.644,38.002,5.038,594.274
379,yvaughn@meyer.com,"9863 Dawn Court Suite 429
Lake Connie, MI 12238",OldLace,Male,33.1,11.832,36.841,3.612,502.093
380,carolfarley@gmail.com,"51173 Curtis Cliff Apt. 727
Ramoston, DE 32714-4579",SlateBlue,Female,32.991,10.441,35.939,2.895,407.657
381,rhonda01@gmail.com,"939 Watson Run
Staceyberg, VT 58376-0454",Orchid,Female,34.386,12.73,36.232,5.706,708.935
382,david80@knight.com,"368 Morris Ports Apt. 735
New Lisaville, GA 34271-8632",MediumAquaMarine,Female,34.357,9.478,37.906,5.047,531.962
383,aaron04@yahoo.com,"16338 Scott Corner Suite 727
West Alexandra, AR 54429",SeaGreen,Male,33.705,10.163,37.763,4.779,521.241
384,kaylahenderson@hotmail.com,"Unit 1609 Box 3480
DPO AA 95185",MediumSpringGreen,Female,32.404,11.609,38.11,2.967,447.369
385,mholt@hotmail.com,"486 Adams Hills
North Walter, MS 18124",LightSeaGreen,Female,31.829,11.268,36.957,2.669,385.152
386,tanya20@gmail.com,"69279 Stewart Mountains
South Pamela, KS 22541-3414",DarkKhaki,Female,31.366,11.163,37.088,3.62,430.589
387,aaron89@gmail.com,"0128 Sampson Loop Suite 943
Hoffmanton, MO 02122",SaddleBrown,Femalee,31.447,10.102,38.043,4.238,418.603
388,hunterlucas@gmail.com,"89301 Kylie Crossroad
Petersonberg, MH 23834",Turquoise,Male,33.583,12.762,36.908,2.479,478.951
389,sfarley@jones.com,"0554 Powers Curve
Nathanchester, FL 06878-6336",AntiqueWhite,Female,32.397,12.055,37.685,3.507,483.797
390,sarahtran@dixon.com,"770 Katie Walk Apt. 585
Port David, MN 52850",GoldenRod,Male,35.037,11.936,35.784,3.31,538.942
391,randywhite@armstrong.biz,"0506 Pitts Forks
Woodsbury, AL 98082-8186",Teal,Male,32.785,12.451,36.666,3.536,486.164
392,tsmith@yahoo.com,"92028 Thomas Mountains Suite 044
New Matthew, MI 02429-0994",Bisque,Male,33.972,12.284,38.296,1.13,385.095
393,martinezleah@carter.com,"8456 Joseph Locks Suite 926
Christopherport, TN 57784",PaleGreen,Female,33.386,12.782,35.551,3.229,527.784
394,steven00@combs.com,"64460 Morris Fords
Gonzalesmouth, MI 40832",RosyBrown,Male,33.557,12.96,37.952,3.346,547.191
395,blakekent@smith-pena.com,"3933 Brooke Point
Johnsonburgh, DE 22659-3488",Crimson,Male,33.587,9.954,37.346,3.216,410.603
396,amanda03@yahoo.com,"313 Lisa Loop Apt. 543
North Jenniferchester, MN 58819",Brown,Female,34.188,13.13,35.429,3.791,583.978
397,brandonsmith@yahoo.com,"62106 Nathan Mountain Suite 505
North Matthewborough, AZ 32092-6122",Gold,Male,33.594,11.521,36.189,3.561,474.532
398,thardy@perry.com,"39209 Cooper Neck Apt. 541
Tylermouth, ME 94450",SeaGreen,Male,33.236,10.973,34.574,2.932,414.935
399,michael86@yahoo.com,"87270 Garrett Cliffs Suite 361
Brooksberg, MO 26555-2502",LightYellow,Female,33.209,13.532,38.952,3.047,550.813
400,ulee@wells.com,"309 Singleton Hollow
Matthewhaven, NJ 68776-7477",LemonChiffon,Male,33.638,12.04,34.487,2.739,458.781
401,judithsmith@jimenez.biz,"186 Anthony Route
Gordonview, AS 78120-4633",DarkOrange,Female,33.59,10.942,36.17,2.784,407.542
402,nblack@smith-romero.biz,"00615 Tracy Islands
New Marcfort, MO 87297-7431",LightCyan,Male,34.196,12.664,37.027,4.33,581.309
403,michaelcampbell@yahoo.com,"96480 White Lane Suite 521
Pattersonhaven, OR 39409-4561",Gray,Female,35.86,11.731,36.882,3.416,546.557
404,rcarter@crane-thompson.org,"14064 Frazier Hills Apt. 176
Amyborough, MP 77858-0018",MediumVioletRed,Male,33.482,11.919,37.318,3.336,503.175
405,dwhite@gmail.com,"02136 White Grove Suite 418
Marytown, DE 70033",OrangeRed,Male,33.258,11.515,37.128,4.663,549.132
406,vancemichelle@gmail.com,"6586 Reginald Crest Apt. 061
North Josephfort, NM 55275",DeepPink,Male,32.32,12.418,36.155,3.222,482.831
407,kylemelendez@hotmail.com,"2749 Cunningham Flat Apt. 838
Derekberg, OH 45288",DeepPink,Female,32.431,13.887,38.382,3.773,557.608
408,richard35@hale-duncan.net,"33940 Craig Throughway Apt. 334
Martinview, IL 62015-0314",GhostWhite,Female,31.446,12.846,37.869,3.42,484.877
409,waltonkaren@gmail.com,"355 Villegas Isle Apt. 070
West Jenniferview, NM 26775-4339",Green,Male,35.743,10.89,35.565,6.115,669.987
410,contrerastiffany@gmail.com,"439 Todd Summit Apt. 478
Mooreland, AR 31655",CadetBlue,Male,34.013,12.915,36.046,3.488,547.71
411,rogerstiffany@wilson-horne.com,"30700 Justin Ports
Port David, PA 52171-5921",DarkOliveGreen,Female,34.14,11.569,38.919,4.083,537.825
412,waltercharles@sanders.net,"291 Stephen Glens Apt. 532
Jacquelineton, NJ 53606-5656",IndianRed,Female,32.378,11.972,37.199,2.83,408.217
413,john96@chan-anderson.biz,"04290 Barron Square
Laurenmouth, AS 79917-9544",Snow,Male,33.172,13.079,37.33,5.405,663.075
414,bushsharon@barber.com,"0013 Andre Field
Whitebury, AZ 68447-6306",DarkSeaGreen,Male,33.247,11.956,36.517,3.452,506.376
415,nicolegay@jennings.com,"50718 Timothy Light
Garciaport, SC 60266-6696",BlueViolet,Female,33.599,13.253,37.306,2.936,528.419
416,rchambers@hotmail.com,"53964 Weaver Brook Suite 861
Stevensonshire, NY 18128",OliveDrab,Female,33.085,13.094,38.316,4.75,632.124
417,gomezalicia@hotmail.com,"506 Allison Cove Apt. 766
Weeksstad, AS 71308",MediumSpringGreen,Male,32.278,12.527,36.688,3.531,488.27
418,potterkenneth@strickland.com,"2559 Harris Pines Apt. 514
Michaelshire, ME 21753-8834",MediumSlateBlue,Male,33.442,11.236,37.053,3.904,508.736
419,charlesjackson@brady-fuller.net,"3802 Veronica Causeway
East Patrickfurt, DC 84522",GhostWhite,Female,32.865,12.075,35.569,2.399,411.187
420,jacquelinewest@pace-herrera.com,"592 Villanueva Village
Woodsstad, AK 20530",Purple,Female,31.526,12.045,38.506,2.848,409.095
421,stevenjohnson@yahoo.com,"PSC 4427, Box 6116
APO AP 87584-5187",SandyBrown,Female,33.001,11.231,36.995,3.782,467.801
422,johnsonchelsea@gmail.com,"19270 Velasquez Coves
Boylechester, AZ 51480",LightCyan,Female,32.088,11.908,35.189,4.35,512.166
423,jenniferjenkins@jones.com,"USNS Jacobs
FPO AE 71507-1312",LightSalmon,Female,33.265,13.052,38.776,4.574,608.272
424,ebutler@rogers-gonzalez.com,"001 Estrada Union
Lewismouth, TN 47360",Chartreuse,Male,32.993,13.004,36.985,4.62,589.026
425,ellenlucas@cox.org,"86268 Davis Corner
North Danielview, CT 59551-9382",DarkGoldenRod,Female,33.863,11.524,35.938,3.013,444.054
426,elizabethnunez@vasquez-nelson.net,"209 Andrew Viaduct
Port Anna, OR 01627-8037",Cornsilk,Male,32.592,10.315,36.729,4.791,493.181
427,ramirezjacob@turner.com,"19704 Kaitlin Flat
West Andrewtown, VI 38642",Magenta,Female,32.381,12.433,37.627,4.334,532.725
428,brian51@cook.info,"0508 Terrance Cliff
Rebekahtown, NC 48724-8308",SaddleBrown,Male,31.517,10.745,38.791,1.429,275.918
429,victoriajohnson@gmail.com,"2082 Christopher Place Apt. 081
Cynthiahaven, HI 99393-8910",DarkViolet,Female,33.454,11.017,37.637,4.137,511.039
430,lawrencewalton@hotmail.com,"584 Patterson Falls
West Alicia, DE 45751",Chocolate,Male,32.216,12.217,36.954,2.911,438.418
431,ashleymoreno@gmail.com,"11430 Meza Green Suite 037
Martinezborough, FL 40624-8726",DarkViolet,Female,31.674,12.329,37.074,3.982,475.725
432,wesleyvance@moore.com,"210 Johnson Street Suite 717
New Bethanyborough, MO 84817",Magenta,Male,33.718,10.807,36.012,3.701,483.543
433,edwardbrown@yahoo.com,"2971 Angela Island
Lake Timothychester, NE 48734-6685",HotPink,Male,33.215,12.135,37.142,5.841,663.804
434,youngellen@hotmail.com,"994 Joel Highway Suite 216
New Jessicafort, UT 14179",DodgerBlue,Female,31.574,12.942,36.725,4.56,544.409
435,robin80@yahoo.com,"928 Bailey Road
East Mary, DE 11678-5634",Turquoise,Femalee,33.895,13.3,36.394,4.49,630.157
436,dana59@hotmail.com,"31927 Jill Mountain
South Jessica, MN 63418",Blue,Male,33.129,10.398,36.683,3.86,461.112
437,bwilliams@hotmail.com,"1549 Walker Passage Apt. 463
West Calvin, AZ 03144",PaleVioletRed,Male,34.37,11.888,37.861,3.047,491.912
438,whitetyler@anderson-avery.com,"4547 Stafford Throughway Apt. 178
North Patrick, MD 60768-4837",MidnightBlue,Male,34.08,11.591,36.457,4.653,574.416
439,rwilliams@trujillo.biz,"54560 Thompson Creek Apt. 029
New Brianville, FL 84430-8588",BlanchedAlmond,Male,31.425,13.271,37.24,4.022,530.767
440,randall85@williams.com,"5086 Morales Islands Apt. 099
New Patricia, IL 78823",Black,Male,33.625,12.988,39.673,3.969,581.799
441,kevin45@mathews.net,"02393 Baker Falls
New Georgeport, ND 36338-5110",DodgerBlue,Female,31.863,14.04,37.022,3.738,556.298
442,deborah48@white.com,"1693 Gary Mission Suite 479
Lake Kelly, MO 68205",DarkGreen,Male,33.293,11.907,38.423,3.377,502.133
443,hoganrichard@george.com,"4929 Michelle Grove
Lake Alexis, MT 92147-1660",BlanchedAlmond,Female,33.749,11.137,38.401,4.596,556.186
444,kelly24@lewis.info,"983 Ross Glen
West Jessica, NJ 42860-5757",Bisque,Female,34.145,12.903,36.611,2.224,475.072
445,katherinegray@yahoo.com,"685 Sexton Ranch Suite 125
Lake Robertshire, NE 04469-3024",Cyan,Male,31.124,12.387,35.632,4.288,486.947
446,efoster@williamson-boyd.org,"4968 Bennett Manors
Rogerschester, IL 81579-8333",Lavender,Male,34.278,11.823,36.309,2.117,434.144
447,jordandavid@gmail.com,"61502 Parker Vista Apt. 363
Jonesshire, GU 33532",Violet,Female,33.667,10.986,36.353,0.936,304.136
448,sanchezamber@scott-patterson.com,"257 Hunt Manors
South Charlottefort, CT 15033",Fuchsia,Male,32.26,14.133,37.023,3.762,571.216
449,tinayoung@hotmail.com,"83995 Owens Course Apt. 747
South Jennifer, NJ 29942",MistyRose,Male,35.433,11.912,36.09,4.001,583.08
450,alicia28@fuller.com,"8055 Robinson Brooks Apt. 657
Walterview, KY 83019",CadetBlue,Male,31.967,11.482,39.241,3.533,445.75
451,rileyalejandro@gmail.com,"Unit 1475 Box 4215
DPO AE 39546-5591",LightSteelBlue,Male,32.149,10.047,37.181,3.535,392.992
452,oliviamarshall@sawyer-sellers.com,"Unit 5934 Box 9748
DPO AA 37361-3043",Brown,Male,33.919,12.429,37.305,4.158,565.994
453,hortonrobert@hotmail.com,"31309 Stacey Keys Apt. 979
South Jason, KS 35357",Salmon,Female,33.201,11.966,36.832,3.549,499.14
454,montgomerycheyenne@hotmail.com,"1812 Sandra Shoal Apt. 350
Amandamouth, SC 87794-1628",FireBrick,Female,32.537,11.121,36.979,4.129,510.539
455,martinkristi@sanchez-coleman.com,"PSC 1893, Box 7023
APO AA 73445",Lime,Male,34.084,8.668,35.907,2.252,308.528
456,jefferycampbell@gmail.com,"381 Ashley Locks Suite 366
North Migueltown, TX 09795-0494",GreenYellow,Male,33.025,12.504,37.646,4.051,561.517
457,webertom@phelps.com,"189 Crawford Hill Apt. 746
New Madison, WV 14108-4333",DarkOrchid,Male,31.268,12.133,35.457,3.072,423.471
458,aschmidt@johnson.biz,"Unit 1743 Box 8085
DPO AE 47693-8164",Blue,Male,32.213,11.733,35.634,4.332,513.153
459,lisadelgado@gmail.com,"57993 Jennifer Unions Suite 685
Emilyville, OK 53366-2375",Olive,Female,33.5,11.947,36.486,3.938,529.195
460,sharongraves@yahoo.com,"73098 Ronald Port
Cliffordborough, MO 37479-9244",Wheat,Male,32.905,12.556,37.806,0.27,314.439
461,flevine@gmail.com,"5292 Melanie Crescent Apt. 064
Fischerborough, NV 85721-5045",AliceBlue,Female,32.205,12.481,37.68,3.279,478.584
462,rskinner@johnson-jefferson.com,"24725 Neal Lock
Cynthiaville, NY 51578",OliveDrab,Female,32.675,12.594,37.684,2.572,444.582
463,kiarakim@harris.org,"1502 Gonzalez Throughway
Kathrynchester, FM 86014-7194",Linen,Male,32.998,10.947,37.648,3.826,475.015
464,rachelrodriguez@lara-waters.com,"35466 Tommy Stream
Port Daniellemouth, KS 68863-6330",LightSlateGray,Male,33.943,11.484,36.839,2.402,436.721
465,dbrown@gmail.com,"76666 Kathy Locks
Port Susan, ME 64335",Indigo,Male,33.552,11.121,36.808,4.028,521.195
466,mary45@gmail.com,"33213 Tanner Knolls Apt. 519
Whiteborough, OR 37119-7790",Lime,Male,33.677,10.971,37.722,3.629,478.183
467,marcusleach@floyd.org,"Unit 3998 Box 4348
DPO AA 37629",SteelBlue,Male,32.642,11.589,36.322,3.19,432.481
468,lmunoz@yahoo.com,"2100 Austin Camp Apt. 943
Anthonymouth, WV 24243-3781",Olive,Female,33.421,10.707,35.766,3.394,438.304
469,dvasquez@wiley.com,"967 Chloe Springs Suite 554
Lake Ashley, GA 03230",HoneyDew,Male,32.767,11.076,34.78,2.575,388.941
470,dylanmartin@hotmail.com,"42644 Helen Keys Apt. 103
Jessicahaven, KS 89406-1960",MidnightBlue,Male,33.12,12.953,37.034,3.472,534.771
471,xkaufman@gmail.com,"02342 Melissa Islands
Smithhaven, KS 68335",DarkViolet,Female,35.372,10.572,36.862,4.198,537.916
472,jasonhensley@yahoo.com,"97262 Brian Skyway
Lake Marissa, GU 96859",Sienna,Female,33.976,11.658,37.425,2.086,407.876
473,gstrong@hotmail.com,"7875 Landry Road Apt. 947
Brownshire, NC 10074-7735",Pink,Female,34.034,13.593,36.839,3.606,618.846
474,arnoldsamuel@wilson.com,"949 Tapia Viaduct
Martinezfurt, CT 79271-8205",LightSkyBlue,Male,32.77,11.372,35.261,4.034,502.771
475,scottrose@yahoo.com,"50639 Sarah Isle Apt. 268
Yangmouth, MO 05540",SaddleBrown,Female,33.504,11.233,37.211,2.321,397.421
476,salazarkaren@hotmail.com,"51173 Burton Wall Apt. 417
Prestonville, NY 37002",SteelBlue,Female,31.875,10.29,36.93,3.491,392.285
477,susanibarra@yahoo.com,"426 Scott Radial Apt. 065
Abigailstad, MS 16590-2222",Thistle,Female,32.533,14.122,38.406,5.32,689.236
478,nhenry@hotmail.com,"3874 Harper Plaza
North Nancy, ME 96802-9462",BlanchedAlmond,Femalee,34.851,12.416,37.672,3.131,543.133
479,millerrachel@gallagher-nichols.com,"Unit 4742 Box 9517
DPO AE 67219-3123",Turquoise,Female,34.211,10.77,34.65,4.985,577.736
480,garciakevin@gmail.com,"845 Colleen Ways
Lake Matthewview, VT 65340-3159",Orange,Female,33.46,12.664,36.367,1.727,436.581
481,philliproberson@yahoo.com,"Unit 0373 Box 8981
DPO AA 89902",Beige,Male,34.201,12.668,37.487,3.702,553.995
482,kstafford@estes-nguyen.com,"PSC 4856, Box 1297
APO AA 17032-7944",YellowGreen,Male,31.17,13.97,36.674,1.785,427.357
483,kennethperry@bowen.org,"272 Frederick Lodge
East Andrew, FL 07414",SlateGray,Male,32.518,11.509,36.599,3.023,424.729
484,prussell@lopez.com,"9985 Wolf Pass
Brandimouth, CA 63346",Bisque,Male,34.523,11.406,36.378,4.041,541.05
485,mosleyjacob@yahoo.com,"PSC 1790, Box 8872
APO AE 01821-4769",Orange,Male,33.666,12.264,38.86,3.14,469.383
486,rhaas@yahoo.com,"4502 Jennifer Prairie Suite 029
Lake Jesse, LA 02328-3633",DimGray,Female,31.61,12.711,36.166,2.563,444.546
487,antonioharris@hotmail.com,"4307 Nicholas Drive Apt. 259
Ramirezberg, AS 59832",MediumBlue,Male,33.701,13.472,37.072,2.379,492.557
488,austinthomas@gmail.com,"5855 Gross Burgs Suite 169
Ballland, AS 98525",AntiqueWhite,Female,33.812,11.187,36.299,4.302,535.322
489,bethsullivan@reed.net,"80500 Mary Corners Apt. 225
Wallsville, ME 80526",Beige,Male,34.337,11.247,38.683,2.095,408.958
490,ncummings@yahoo.com,"344 Jessica Stravenue
New Brian, MA 04730-6761",Beige,Male,31.061,12.358,36.166,4.089,487.555
491,hking@hotmail.com,"85181 Christian Courts Suite 758
Larryfurt, MS 38722-6766",PeachPuff,Female,33.07,11.764,36.875,3.516,487.646
492,annstone@hotmail.com,"543 Reynolds Burg
Melindaberg, KY 46631",LightPink,Female,34.606,11.762,38.127,1.821,402.167
493,christopher44@hotmail.com,"549 Anna Avenue
Port Laura, CA 76209-9339",WhiteSmoke,Female,34.238,11.55,35.769,4.183,551.023
494,autumn88@mendoza-mills.com,"214 Obrien Lakes Suite 572
South Jeremy, KS 52867-7617",MediumOrchid,Male,32.048,12.483,35.536,3.394,497.39
495,dhudson@ramos.net,"5661 Grant Centers
Stevensfurt, CT 53959",Olive,Male,30.972,11.731,36.075,4.426,494.639
496,egomez@hotmail.com,"768 Riley Pine Apt. 624
Kellymouth, OK 98992-3108",MistyRose,Male,33.607,12.214,37.198,2.905,479.247
497,kimberlyruiz@smith-gordon.com,"503 Adams Pines Apt. 638
North Ashleyside, AZ 34687-6128",DarkRed,Male,33.448,11.904,36.875,2.783,462.657
498,mooremichelle@logan.com,"07813 Randy Point
Lake Thomasberg, MO 06013-9920",Pink,Male,33.369,12.222,36.355,3.447,515.502
499,aaron22@gmail.com,"38678 Sean Drive Suite 293
Karentown, IA 78306-2717",DarkGray,Female,33.452,12.006,36.534,4.712,576.478
500,michelleshepherd@price.com,"6820 Erica Vista Apt. 418
Brightside, IA 50639",Orchid,Female,32.905,11.914,36.059,1.228,357.858
501,zscott@wright.com,"9909 Hoffman Ranch Suite 195
Scotthaven, SC 53575",PeachPuff,Female,35.631,12.125,38.188,4.019,597.74
502,tracy79@wheeler.net,"513 Moore Crescent Apt. 416
Amandaberg, GU 03655-2219",Magenta,Female,32.246,11.306,37.133,1.707,327.378
503,brian28@sanchez.org,"7446 Mary Ferry
Lake Sherryfurt, GA 49066-0207",GhostWhite,Male,34.696,11.609,37.685,3.163,510.401
504,leonardhancock@hotmail.com,"64147 Alexander Station Apt. 474
East Jasonview, MN 83788",SeaShell,Female,34.344,11.693,36.813,3.447,510.501
505,davidsonkathleen@gmail.com,"70128 Zimmerman Overpass
Robertsshire, VA 59860",DarkBlue,Female,33.681,11.202,37.835,2.209,403.82
506,nathan84@lowery.net,"01242 Stephanie Ways Suite 003
Churchville, MO 35617",MediumSeaGreen,Male,32.061,12.625,35.539,5.412,627.603
507,kellydeborah@chan.biz,"354 Sanchez Wall Suite 884
Juliabury, VI 39735",DarkTurquoise,Female,33.431,13.351,37.966,2.769,510.662
508,lewisjessica@craig-evans.com,"4483 Jones Motorway Suite 872
Lake Jamiefurt, UT 75292",Tan,Male,33.238,13.566,36.418,3.747,573.847
509,katrina56@gmail.com,"172 Owen Divide Suite 497
West Richard, CA 19320",PaleVioletRed,Male,34.703,11.696,37.19,3.577,529.049
510,dale88@hotmail.com,"0787 Andrews Ranch Apt. 633
South Chadburgh, TN 56128",Cornsilk,Female,32.647,11.499,38.333,4.958,551.62
511,cwilson@hotmail.com,"680 Jennifer Lodge Apt. 808
Brendachester, TX 05000-5873",Teal,Femalee,33.323,12.391,36.84,2.336,456.47
512,hannahwilson@davidson.com,"49791 Rachel Heights Apt. 898
East Drewborough, OR 55919-9528",DarkMagenta,Female,33.716,12.419,35.771,2.735,497.779
513,hking@hotmail.com,"85181 Christian Courts Suite 758
Larryfurt, MS 38722-6766",PeachPuff,Female,33.07,11.764,36.875,3.516,487.646
514,annstone@hotmail.com,"543 Reynolds Burg
Melindaberg, KY 46631",LightPink,Female,34.606,11.762,38.127,1.821,402.167
515,christopher44@hotmail.com,"549 Anna Avenue
Port Laura, CA 76209-9339",WhiteSmoke,Female,34.238,11.55,35.769,4.183,551.023
516,webertom@phelps.com,"189 Crawford Hill Apt. 746
New Madison, WV 14108-4333",DarkOrchid,Male,31.268,12.133,35.457,3.072,423.471
517,aschmidt@johnson.biz,"Unit 1743 Box 8085
DPO AE 47693-8164",Blue,Male,32.213,11.733,35.634,4.332,513.153
518,garciakevin@gmail.com,"845 Colleen Ways
Lake Matthewview, VT 65340-3159",Orange,Female,33.46,12.664,36.367,1.727,436.581
519,gregoryholmes@hotmail.com,"2891 Martin Plain Suite 197
Melaniestad, NE 65650-8529",DarkSalmon,Female,32.688,13.762,39.253,2.996,520.899
520,john85@martin-morgan.com,"USNV Reese
FPO AA 73568-0730",Olive,Male,33.755,12.064,37.271,3.971,547.365
